Code,Klassifikator,Klassifikator_ru,Klassifikator_en,Klassifikator_uzc,2010,2011,2012,2013,2014,2015,2016,2017,2018,2019,2020,2021,2022,2023,2024
1700,O‘zbekiston Respublikasi,Республика Узбекистан,Republic of Uzbekistan,Ўзбекистон Республикаси,634810.0,622835.0,625106.0,679519.0,718036.0,734141.0,726170.0,715519.0,768520.0,814960.0,841817.0,905211.0,932217.0,961962.0,926422.0
1735,Qoraqalpog‘iston Respublikasi,Республика Каракалпакстан,Republic of Karakalpakstan,Қорақалпоғистон Республикаси,37942.0,35840.0,38207.0,39100.0,40883.0,41345.0,39427.0,37754.0,40108.0,41137.0,39286.0,40272.0,42835.0,44021.0,41641.0
1735401,Nukus shahri,Город Нукус,Nukus city,Нукус шаҳри,6220.0,6157.0,5827.0,6094.0,6332.0,6466.0,5802.0,5499.0,5651.0,5801.0,5947.0,6240.0,6884.0,6957.0,6721.0
1735204,Amudaryo tumani,Амударьинский район,Amudarya district,Aмударё тумани,3576.0,3406.0,3938.0,3894.0,4506.0,4713.0,4236.0,4093.0,4750.0,5057.0,4649.0,4938.0,5257.0,5103.0,4880.0
1735207,Beruniy tumani,Берунийский район,Beruniy  district,Беруний тумани,3918.0,3808.0,4119.0,4152.0,4569.0,4523.0,4445.0,4338.0,4765.0,4865.0,4528.0,4133.0,4962.0,5211.0,4986.0
1735209,Bo‘zatov tumani,Бозатауский район,Bozatau district,Бўзатов тумани,0.0,0.0,0.0,0.0,0.0,0.0,0.0,0.0,0.0,0.0,376.0,371.0,347.0,383.0,370.0
1735211,Qorao‘zak tumani,Караузякский район,Karauzak district,Қораўзак тумани,1142.0,1011.0,1142.0,1038.0,1165.0,1109.0,1113.0,966.0,1021.0,950.0,1037.0,1062.0,971.0,997.0,974.0
1735212,Kegeyli tumani,Кегейлийский район,Kegeyli district,Кегейли тумани,1873.0,1702.0,1934.0,1990.0,1921.0,1937.0,1845.0,1660.0,1629.0,1771.0,1514.0,1485.0,1373.0,1434.0,1452.0
1735215,Qo‘ng‘irot tumani,Кунградский район,Kungrad district,Қўнғирот тумани,2825.0,2621.0,2744.0,2735.0,3006.0,2678.0,2606.0,2558.0,2561.0,2719.0,2578.0,2738.0,2862.0,2872.0,2629.0
1735218,Qanliko‘l tumani,Канлыкульский район,Kanlykul district,Қанликўл тумани,953.0,853.0,968.0,1062.0,1134.0,1097.0,1087.0,1016.0,1014.0,1119.0,1085.0,1133.0,1091.0,1155.0,1079.0
1735222,Mo‘ynoq tumani,Муйнакский район,Muynak district,Мўйноқ тумани,637.0,568.0,587.0,608.0,653.0,608.0,630.0,565.0,613.0,673.0,654.0,675.0,646.0,613.0,644.0
1735225,Nukus tumani,Нукусский район,Nukus district,Нукус тумани,1060.0,896.0,1023.0,1134.0,1100.0,1200.0,1196.0,1215.0,1131.0,1222.0,1081.0,1259.0,1292.0,1379.0,1212.0
1735228,Taxiatosh tumani,Тахиаташский район,Takhiatash district,Тахиатош тумани,1038.0,1060.0,1035.0,992.0,0.0,0.0,0.0,0.0,1390.0,1477.0,1289.0,1385.0,1437.0,1423.0,1344.0
1735230,Taxtako‘pir tumani,Тахтакупырский район,Takhtakupyr district,Тахтакўпир тумани,943.0,897.0,935.0,911.0,919.0,813.0,838.0,751.0,744.0,718.0,648.0,727.0,692.0,723.0,644.0
1735233,To‘rtko‘l tumani,Турткульский район,Turtkul district,Тўрткўл тумани,3997.0,3797.0,4256.0,4481.0,4483.0,4693.0,4375.0,4482.0,4855.0,4894.0,4595.0,4567.0,4971.0,5203.0,5012.0
1735236,Xo‘jayli tumani,Ходжейлийский район,Khojeyli district,Хўжайли тумани,3163.0,2876.0,2933.0,3025.0,4046.0,4009.0,3821.0,3656.0,2468.0,2540.0,2479.0,2590.0,2704.0,2796.0,2628.0
1735240,Chimboy tumani,Чимбайский район,Chimbay district,Чимбой тумани,2489.0,2359.0,2535.0,2496.0,2582.0,2685.0,2669.0,2352.0,2610.0,2452.0,2106.0,2334.0,2306.0,2381.0,2274.0
1735243,Shumanay tumani,Шуманайский район,Shumanai district,Шуманай тумани,991.0,848.0,1018.0,1035.0,1054.0,973.0,989.0,924.0,946.0,992.0,876.0,949.0,1001.0,999.0,927.0
1735250,Ellikkala tumani,Элликкалинский район,Ellikkala district,Елликкала тумани,3117.0,2981.0,3213.0,3453.0,3413.0,3841.0,3775.0,3679.0,3960.0,3887.0,3844.0,3686.0,4039.0,4392.0,3865.0
1703,Andijon viloyati,Андижанская область,Andijan region,Aндижон вилояти,59953.0,56662.0,58277.0,64239.0,67905.0,69562.0,68784.0,67368.0,72387.0,77603.0,81425.0,84664.0,86506.0,89400.0,86305.0
1703401,Andijon shahri,Город Андижан,Andijan city,Aндижон шаҳри,8369.0,7856.0,8163.0,8559.0,9123.0,9102.0,8961.0,8937.0,9663.0,10627.0,11603.0,12181.0,13200.0,16226.0,15694.0
1703408,Xonobod shahri,Город Ханабад,Khanabadcity,Хонобод шаҳри,761.0,715.0,720.0,754.0,778.0,730.0,807.0,757.0,758.0,877.0,840.0,952.0,1103.0,908.0,811.0
1703202,Oltinko‘l tumani,Алтынкульский район,Altynkul  district,Олтинкўл тумани,3368.0,3255.0,3335.0,3751.0,3941.0,3853.0,3874.0,3864.0,4161.0,4566.0,4756.0,5005.0,4987.0,3758.0,3120.0
1703203,Andijon tumani,Андижанский район,Andijan district,Aндижон тумани,4941.0,4602.0,4975.0,5185.0,5572.0,5976.0,5900.0,5517.0,6084.0,6435.0,7057.0,7604.0,7324.0,7210.0,7673.0
1703206,Baliqchi tumani,Балыкчинский район,Balykchi district,Балиқчи тумани,3725.0,3609.0,3668.0,4034.0,4531.0,4357.0,4417.0,4302.0,4498.0,4960.0,5227.0,5183.0,5305.0,5677.0,5594.0
1703209,Bo‘ston tumani,Бустонский район,Bustan district,Бўстон тумани,1400.0,1240.0,1248.0,1528.0,1603.0,1557.0,1548.0,1646.0,1596.0,1780.0,1876.0,1977.0,1911.0,2007.0,2241.0
1703210,Buloqboshi tumani,Булакбашинский район,Bulakbashi district,Булоқбоши тумани,2520.0,2402.0,2510.0,2878.0,2916.0,3072.0,2992.0,2910.0,3143.0,3422.0,3455.0,3297.0,3709.0,3993.0,3832.0
1703211,Jalaquduq tumani,Жалакудукский район,Jalаquduk district,Жалақудуқ тумани,3508.0,3416.0,3336.0,3659.0,3739.0,4021.0,3922.0,3745.0,4279.0,4349.0,4565.0,4639.0,4773.0,4927.0,4637.0
1703214,Izboskan tumani,Избасканский район,Izbaskan district,Избоскан тумани,4691.0,4462.0,4547.0,5103.0,5301.0,5533.0,5366.0,5243.0,5666.0,5949.0,6269.0,6389.0,6362.0,6609.0,6486.0
1703217,Ulug‘nor tumani,Улугноpский район,Ulugnor district,Улуғнор тумани,1169.0,1087.0,1127.0,1207.0,1306.0,1206.0,1254.0,1237.0,1280.0,1423.0,1525.0,1720.0,1511.0,1223.0,940.0
1703220,Qo‘rg‘ontepa tumani,Кургантепинский район,Kurgantepa district,Қўрғонтепа тумани,4229.0,3656.0,3833.0,4293.0,4293.0,4521.0,4580.0,4271.0,4769.0,5055.0,5048.0,5125.0,5020.0,5321.0,5257.0
1703224,Asaka tumani,Асакинский район,Asaka district,Aсака тумани,6093.0,5871.0,6123.0,6849.0,7532.0,7456.0,7521.0,7297.0,7758.0,8198.0,8682.0,9412.0,9049.0,9095.0,9157.0
1703227,Marxamat tumani,Мархаматский район,Markhamat district,Мархамат тумани,3172.0,3064.0,3261.0,3603.0,3511.0,4037.0,3800.0,4056.0,4034.0,4334.0,4361.0,4719.0,4662.0,4822.0,4681.0
1703230,Shaxrixon tumani,Шахриханский район,Shakhrikhan district,Шахрихон тумани,5900.0,5559.0,5709.0,6451.0,7046.0,7056.0,6946.0,6819.0,7567.0,7934.0,8029.0,8240.0,8835.0,8940.0,8542.0
1703232,Paxtaobod tumani,Пахтаабадский район,Pakhtaabad district,Пахтаобод тумани,3917.0,3775.0,3712.0,4175.0,4311.0,4570.0,4528.0,4424.0,4573.0,4860.0,5186.0,5313.0,5514.0,5609.0,5039.0
1703236,Xo‘jaobod tumani,Ходжаабадский район,Khojaabad district,Хўжаобод тумани,2190.0,2093.0,2010.0,2210.0,2402.0,2515.0,2368.0,2343.0,2558.0,2834.0,2946.0,2908.0,3241.0,3075.0,2601.0
1706,Buxoro viloyati,Бухарская область,Bukhara region,Бухоро вилояти,34597.0,32948.0,34257.0,36743.0,38291.0,39352.0,38297.0,37228.0,40338.0,41141.0,41555.0,43173.0,45058.0,46617.0,46067.0
1706401,Buxoro shahri,Город Бухара,Bukhara city,Бухоро шаҳри,4397.0,4254.0,4395.0,4677.0,4709.0,4541.0,4488.0,4406.0,4744.0,5094.0,5106.0,5359.0,7600.0,7286.0,7219.0
1706403,Kogon shahri,Город Каган,Kagan city,Когон шаҳри,1044.0,958.0,927.0,1038.0,1045.0,1124.0,1006.0,1022.0,1104.0,1164.0,1173.0,1245.0,1735.0,1302.0,1154.0
1706204,Olot tumani,Алатский район,Alat district,Олот тумани,1779.0,1675.0,1787.0,1993.0,1964.0,2019.0,2143.0,1999.0,2128.0,2139.0,2134.0,2067.0,2140.0,2290.0,2348.0
1706207,Buxoro tumani,Бухарский район,Bukhara district,Бухоро тумани,2757.0,2698.0,2864.0,2919.0,3059.0,3191.0,3017.0,3019.0,3205.0,3368.0,3398.0,3576.0,3022.0,3834.0,3858.0
1706212,Vobkent tumani,Вабкентский район,Vobkent district,Бухоро тумани,2336.0,2340.0,2473.0,2653.0,2831.0,2902.0,2814.0,2751.0,2974.0,3103.0,3069.0,3225.0,3189.0,3742.0,3629.0
1706215,G‘ijduvon tumani,Гиждуванский район,Gijduvan district,Ғиждувон тумани,6000.0,5783.0,5856.0,6377.0,6796.0,6812.0,6743.0,6259.0,6761.0,6763.0,6978.0,7301.0,7555.0,7830.0,7724.0
1706219,Kogon tumani,Каганский район,Kagan district,Когон тумани,1514.0,1424.0,1507.0,1532.0,1628.0,1673.0,1605.0,1747.0,1797.0,1847.0,1835.0,1908.0,1498.0,2083.0,2067.0
1706230,Qorako‘l tumani,Каракульский район,Karakul district,Қоракўл тумани,2938.0,2825.0,2704.0,3065.0,3482.0,3560.0,3399.0,3301.0,3700.0,3726.0,3752.0,3862.0,3709.0,3734.0,3816.0
1706232,Qorovulbozor tumani,Караулбазарский район,Qorovulbozor district,Қоровулбозор тумани,267.0,243.0,279.0,301.0,331.0,346.0,361.0,366.0,368.0,397.0,371.0,485.0,428.0,394.0,354.0
1706240,Peshku tumani,Пешкунский  район,Peshkun district,Пешку тумани,2426.0,2184.0,2284.0,2484.0,2616.0,2805.0,2662.0,2578.0,2738.0,2760.0,2796.0,2763.0,2935.0,2972.0,3015.0
1706242,Romitan tumani,Ромитанский район,Romitan district,Ромитан тумани,2463.0,2296.0,2613.0,2802.0,2777.0,3014.0,3003.0,2948.0,3064.0,3154.0,3256.0,3326.0,3264.0,3115.0,2905.0
1706246,Jondor tumani,Жондоpский район,Jondor  district,Жондор тумани,3343.0,3176.0,3365.0,3643.0,3672.0,3677.0,3615.0,3443.0,3988.0,3789.0,3802.0,3803.0,4012.0,4321.0,4408.0
1706258,Shofirkon tumani,Шафирканский район,Shafirkan district,Шофиркон тумани,3333.0,3092.0,3203.0,3259.0,3381.0,3688.0,3441.0,3389.0,3767.0,3837.0,3885.0,4253.0,3971.0,3714.0,3570.0
1708,Jizzax viloyati,Джизакская область,Jizzakh region,Жиззах вилояти,25942.0,25191.0,25400.0,27484.0,29912.0,31887.0,31566.0,30984.0,33801.0,36457.0,38118.0,41313.0,40743.0,40875.0,38561.0
1708401,Jizzax shahri,Город Джизак,Jizzakh city,Жиззах шаҳри,2563.0,2828.0,2922.0,2919.0,3028.0,3244.0,3369.0,3213.0,3627.0,3963.0,4079.0,5530.0,5618.0,4962.0,4408.0
1708201,Arnasoy tumani,Арнасайский район,Arnasay district,Aрнасой тумани,940.0,851.0,794.0,849.0,978.0,932.0,1027.0,956.0,1003.0,1048.0,1068.0,1153.0,1158.0,1102.0,1102.0
1708204,Baxmal tumani,Бахмальский район,Bakhmal district,Бахмал тумани,3096.0,2975.0,3061.0,3466.0,3758.0,4136.0,4029.0,3908.0,4451.0,4707.0,4953.0,5328.0,4891.0,5256.0,4920.0
1708209,G‘allaorol tumani,Галляаральский район,Gallaaral district,Ғаллаорол тумани,3308.0,3246.0,3088.0,3514.0,3907.0,4093.0,4058.0,4079.0,4230.0,4761.0,5135.0,5481.0,5182.0,5327.0,5156.0
1708212,Sharof Rashidov tumani,Шароф-Рашидовский  район,Sharof Rashidov  district,Шароф Рашидов тумани,4493.0,4250.0,4484.0,4612.0,5167.0,5315.0,5225.0,5149.0,5822.0,6382.0,6648.0,6208.0,6678.0,7275.0,6982.0
1708215,Do‘stlik tumani,Дустликский район,Dustlik district,Дўстлик тумани,1263.0,1268.0,1271.0,1214.0,1352.0,1506.0,1431.0,1352.0,1464.0,1537.0,1524.0,1697.0,1653.0,1689.0,1523.0
1708218,Zomin tumani,Зааминский район,Zomin district,Зомин тумани,3386.0,3300.0,3410.0,3726.0,3988.0,4367.0,4336.0,4368.0,4434.0,4772.0,4825.0,5385.0,5106.0,5125.0,5044.0
1708220,Zarbdor tumani,Зарбдарский район,Zarbdar district,Зарбдор тумани,1337.0,1280.0,1336.0,1512.0,1718.0,1753.0,1797.0,1702.0,2212.0,2452.0,2650.0,2723.0,2697.0,2595.0,2481.0
1708223,Mirzacho‘l tumani,Мирзачульский район,Mirzachul district,Мирзачўл тумани,925.0,808.0,817.0,860.0,933.0,994.0,935.0,949.0,998.0,1046.0,1091.0,1147.0,1187.0,1102.0,1060.0
1708225,Zafarobod tumani,Зафарабадский район,Zafarabad district,Зафаробод тумани,905.0,846.0,857.0,970.0,994.0,1126.0,1077.0,958.0,1108.0,1153.0,1270.0,1380.0,1370.0,1415.0,1230.0
1708228,Paxtakor tumani,Пахтакорский район,Pakhtakor district,Пахтакор тумани,1368.0,1383.0,1245.0,1526.0,1561.0,1668.0,1802.0,1638.0,1733.0,1816.0,1879.0,2236.0,2190.0,2125.0,1972.0
1708235,Forish tumani,Фаришский район,Farish district,Фориш тумани,1875.0,1664.0,1616.0,1778.0,1969.0,2128.0,1892.0,2098.0,2075.0,2179.0,2269.0,2381.0,2349.0,2255.0,2081.0
1708237,Yangiobod tumani,Янгиободский район,Yangiabad district,Янгиобод тумани,483.0,492.0,499.0,538.0,559.0,625.0,588.0,614.0,644.0,641.0,727.0,664.0,664.0,647.0,602.0
1710,Qashqadaryo viloyati,Кашкадарьинская область,Kashkadarya region,Қашқадарё вилояти,63861.0,64074.0,65225.0,71860.0,75649.0,78543.0,77684.0,76687.0,81919.0,86728.0,90330.0,97079.0,98279.0,101852.0,100909.0
1710401,Qarshi  shahri,Город Карши,Karshi city,Қарши шаҳри,4886.0,4962.0,5036.0,5176.0,4862.0,4919.0,4768.0,4765.0,5043.0,5606.0,6083.0,6722.0,7724.0,7708.0,7338.0
1710405,Shahrisabz shahri,Город Шахрисабз,Shakhrisabz city,Шаҳрисабз шаҳри,0.0,0.0,0.0,0.0,0.0,0.0,0.0,0.0,3249.0,3044.0,3011.0,3378.0,3282.0,3386.0,3541.0
1710240,Ko‘kdala tumani,Кукдалинский район,Kukdala district,Кўкдала тумани,0.0,0.0,0.0,0.0,0.0,0.0,0.0,0.0,0.0,0.0,0.0,0.0,0.0,6115.0,6348.0
1710207,G‘uzor tumani,Гузарский район,Gissar district,Ғузор тумани,3835.0,3917.0,4054.0,4421.0,4626.0,4893.0,4779.0,4664.0,5006.0,5359.0,5942.0,6201.0,6284.0,6452.0,6569.0
1710212,Dehqonobod tumani,Дехканабадский район,Dehkanabad district,Деҳқонобод тумани,3070.0,3059.0,3083.0,3226.0,3575.0,3683.0,3848.0,3877.0,4066.0,4225.0,4256.0,4829.0,4643.0,4915.0,4666.0
1710220,Qamashi tumani,Камашинский район,Kamashi district,Қамаши тумани,5558.0,5190.0,5420.0,5897.0,6609.0,6813.0,6860.0,6549.0,6962.0,7899.0,7790.0,8399.0,8409.0,8739.0,8947.0
1710224,Qarshi tumani,Каршинский район,Karshi district,Қарши тумани,4574.0,4701.0,4697.0,4543.0,5136.0,5386.0,5321.0,5133.0,5424.0,5954.0,6341.0,6934.0,7137.0,7739.0,7696.0
1710229,Koson tumani,Касанский район,Kasan district,Косон тумани,5527.0,5670.0,5857.0,6157.0,6351.0,6444.0,6655.0,6641.0,7103.0,7748.0,7849.0,8860.0,8814.0,9305.0,9173.0
1710232,Kitob tumani,Китабский район,Kitab district,Китоб тумани,5034.0,5117.0,5098.0,6060.0,6212.0,6221.0,6004.0,6071.0,6446.0,6608.0,6943.0,7083.0,7307.0,7638.0,7640.0
1710233,Mirishkor tumani,Миришкорский район,Mirishkor district,Миришкор тумани,2346.0,2126.0,2109.0,2479.0,2535.0,2601.0,2660.0,2784.0,2913.0,2944.0,3154.0,3340.0,3503.0,3737.0,3472.0
1710234,Muborak tumani,Мубарекский район,Mubarek district,Муборак тумани,1647.0,1652.0,1747.0,1772.0,1764.0,1860.0,1883.0,1821.0,2105.0,2253.0,2337.0,2600.0,2168.0,2357.0,2532.0
1710235,Nishon tumani,Нишанский  район,Nishon district,Нишон тумани,3010.0,2578.0,2817.0,3064.0,3393.0,3525.0,3587.0,3792.0,3915.0,4170.0,4392.0,4646.0,4595.0,5006.0,4892.0
1710237,Kasbi tumani,Касбинский район,Kasbi district,Касби тумани,3769.0,3656.0,3826.0,4176.0,4466.0,4574.0,4615.0,4495.0,4711.0,5060.0,5288.0,5568.0,5943.0,6085.0,6121.0
1710242,Chiroqchi tumani,Чиракчинский район,Chirakchi district,Чироқчи тумани,8141.0,9380.0,8812.0,10392.0,11652.0,11946.0,11763.0,11999.0,12935.0,13155.0,13836.0,15255.0,14807.0,8868.0,8332.0
1710245,Shahrisabz tumani,Шахрисабзский район,Shakhrisabz district,Шаҳрисабз тумани,7119.0,6799.0,7269.0,8410.0,8200.0,8620.0,8197.0,7729.0,5010.0,5389.0,5622.0,5667.0,5627.0,5791.0,5776.0
1710250,Yakkabog‘ tumani,Яккабагский район,Yakkabag district,Яккабоғ тумани,5345.0,5267.0,5400.0,6087.0,6268.0,7058.0,6744.0,6367.0,7031.0,7314.0,7486.0,7597.0,8036.0,8011.0,7866.0
1712,Navoiy viloyati,Навоийская область,Navoi region,Навоий вилояти,18409.0,18045.0,18067.0,19300.0,20116.0,20259.0,20837.0,20563.0,21595.0,22770.0,23888.0,26576.0,26274.0,26805.0,25763.0
1712401,Navoiy shahri,Город Навои,Navoi city,Навоий шаҳри,2464.0,2647.0,2513.0,2519.0,2756.0,2760.0,2830.0,2707.0,2883.0,2950.0,3260.0,3777.0,4796.0,4445.0,4433.0
1712408,Zarafshon shahri,Город Заpафшан,Zarafshan city,Зарафшон шаҳри,1579.0,1506.0,1593.0,1633.0,1743.0,1684.0,1741.0,1733.0,1742.0,1804.0,1965.0,2117.0,2038.0,2169.0,2088.0
1712412,G‘ozg‘on shahri,Город Газган,Gazgan city,Ғозғон шаҳри,0.0,0.0,0.0,0.0,0.0,0.0,0.0,0.0,0.0,0.0,143.0,210.0,170.0,197.0,167.0
1712211,Konimex tumani,Канимехский  район,Kanimekh district,Конимех тумани,837.0,743.0,690.0,717.0,682.0,691.0,702.0,628.0,673.0,780.0,809.0,834.0,745.0,826.0,699.0
1712216,Qiziltepa tumani,Кызылтепинский район,Kyzyltepa district,Қизилтепа тумани,2746.0,2503.0,2495.0,2856.0,2906.0,2887.0,3068.0,2920.0,3177.0,3160.0,3308.0,3660.0,3537.0,3788.0,3890.0
1712230,Navbahor tumani,Навбахорский район,Navbahor district,Навбаҳор тумани,2024.0,1971.0,1828.0,2108.0,2204.0,2256.0,2385.0,2271.0,2371.0,2504.0,2528.0,2848.0,2760.0,2891.0,2763.0
1712234,Karmana tumani,Карманинский район,Karmana district,Кармана тумани,2278.0,2337.0,2425.0,2507.0,2700.0,2729.0,2714.0,2832.0,2812.0,3265.0,3201.0,3634.0,3480.0,3566.0,3307.0
1712238,Nurota tumani,Нуратинский район,Nurota district,Нурота тумани,1728.0,1681.0,1749.0,1857.0,1928.0,1911.0,1957.0,1943.0,2129.0,2213.0,2219.0,2437.0,2187.0,2398.0,2270.0
1712244,Tomdi tumani,Тамдынский район,Tomdy district,Томди тумани,282.0,296.0,288.0,263.0,197.0,223.0,224.0,204.0,230.0,192.0,241.0,247.0,270.0,247.0,202.0
1712248,Uchquduq tumani,Учкудукский район,Uchkuduk district,Учқудуқ тумани,870.0,882.0,886.0,892.0,929.0,965.0,902.0,898.0,878.0,898.0,966.0,997.0,928.0,933.0,728.0
1712251,Xatirchi tumani,Хатырчинский район,Khatyrchi district,Хатирчи тумани,3601.0,3479.0,3600.0,3948.0,4071.0,4153.0,4314.0,4427.0,4700.0,5004.0,5248.0,5815.0,5363.0,5345.0,5216.0
1714,Namangan viloyati,Наманганская область,Namangan region,Наманган вилояти,50799.0,52203.0,50603.0,56859.0,62285.0,61980.0,62164.0,61380.0,66490.0,71830.0,74720.0,79968.0,82330.0,84496.0,81930.0
1714401,Namangan shahri,Город Наманган,Namangan city,Наманган шаҳри,10419.0,10513.0,10611.0,11530.0,12777.0,12592.0,13240.0,14709.0,16227.0,17579.0,18688.0,20211.0,20765.0,21738.0,20317.0
1714204,Mingbuloq tumani,Мингбулакский район,Mingbulak district,Мингбулоқ тумани,2063.0,2183.0,2107.0,2427.0,2686.0,2801.0,2737.0,2724.0,2904.0,3056.0,3252.0,3506.0,3455.0,3647.0,3427.0
1714207,Kosonsoy tumani,Касансайский район,Kasansay district,Косонсой тумани,4211.0,4186.0,3959.0,4453.0,4543.0,4594.0,4608.0,4591.0,5001.0,5440.0,5563.0,5904.0,6050.0,6286.0,6167.0
1714212,Namangan tumani,Наманганский район,Namangan district,Наманган тумани,4475.0,4729.0,4443.0,4814.0,5370.0,5289.0,4982.0,4047.0,4141.0,4643.0,4667.0,4881.0,5239.0,5291.0,5306.0
1714216,Norin tumani,Нарынский район,Naryn district,Норин тумани,2915.0,2792.0,2914.0,3331.0,3545.0,3433.0,3532.0,3591.0,3712.0,3903.0,3992.0,4190.0,4305.0,4440.0,4353.0
1714219,Pop tumani,Папский район,Pop district,Поп тумани,3976.0,4028.0,3810.0,4349.0,4603.0,4685.0,4642.0,4404.0,4720.0,4948.0,5199.0,5484.0,5725.0,5894.0,5604.0
1714224,To‘raqo‘rg‘on tumani,Туракурганский район,Turakurgan district,Тўрақўрғон тумани,3812.0,4252.0,4122.0,4478.0,5242.0,5337.0,5290.0,5081.0,5494.0,5948.0,6084.0,6552.0,6938.0,6838.0,6684.0
1714229,Uychi tumani,Уйчинский район,Uychi district,Уйчи тумани,4258.0,4454.0,4180.0,4896.0,5659.0,5363.0,5228.0,4791.0,5219.0,5723.0,5961.0,6459.0,6353.0,6320.0,6451.0
1714234,Uchqo‘rg‘on tumani,Учкурганский район,Uchkurgan district,Учқўрғон тумани,3113.0,3116.0,2877.0,3424.0,3765.0,3539.0,3604.0,3599.0,3787.0,4160.0,4308.0,4573.0,4609.0,4748.0,4720.0
1714236,Chortoq tumani,Чартакский район,Chartak district,Чортоқ тумани,3339.0,3651.0,3535.0,4054.0,4299.0,4243.0,4235.0,4172.0,4489.0,4782.0,4881.0,5123.0,5352.0,5703.0,5577.0
1714237,Chust tumani,Чустский район,Chust district,Чуст тумани,4449.0,4453.0,4328.0,4943.0,5285.0,5639.0,5559.0,5370.0,5861.0,6426.0,6468.0,7030.0,7105.0,7552.0,7399.0
1714242,Yangiqo‘rg‘on tumani,Янгикурганский район,Yangikurgan district,Янгиқўрғон тумани,3769.0,3846.0,3717.0,4160.0,4511.0,4465.0,4507.0,4301.0,4935.0,5222.0,5657.0,6055.0,6434.0,6039.0,5925.0
1718,Samarqand viloyati,Самаркандская область,Samarkand region,Самарқанд вилояти,75213.0,73903.0,74137.0,82390.0,87833.0,88649.0,88295.0,89956.0,98909.0,100656.0,101414.0,110455.0,111505.0,113986.0,110865.0
1718401,Samarqand shahri,Город Самарканд,Samarkand city,Самарқанд шаҳри,6659.0,6652.0,7986.0,9470.0,9336.0,9575.0,9726.0,9784.0,10744.0,11226.0,10467.0,11362.0,13031.0,13677.0,12742.0
1718406,Kattaqo'rg'on shahar,Город  Каттакурган,Kattaqo'rg'on city,Каттақўрғон шаҳар,1802.0,1820.0,1638.0,1798.0,1953.0,2006.0,2130.0,1941.0,2025.0,2146.0,1928.0,2090.0,2391.0,2173.0,1861.0
1718203,Oqdaryo tumani,Акдарьинский район,Akdarya district,Оқдарё тумани,2975.0,2810.0,2796.0,3239.0,3379.0,3533.0,3368.0,3622.0,3887.0,4199.0,4291.0,4598.0,4748.0,4816.0,4630.0
1718206,Bulung‘ur tumani,Булунгурский район,Bulungur district,Булунғур тумани,3845.0,3723.0,3687.0,4031.0,4622.0,4611.0,4476.0,4453.0,4927.0,4730.0,4691.0,5292.0,5450.0,5774.0,5863.0
1718209,Jomboy tumani,Джамбайский район,Jomboy district,Жомбой тумани,3049.0,3247.0,3311.0,3790.0,4144.0,4063.0,4182.0,4543.0,4879.0,4901.0,5008.0,5426.0,5290.0,5604.0,5368.0
1718212,Ishtixon tumani,Иштыханский район,Ishtykhan district,Иштихон тумани,4924.0,4977.0,5141.0,5468.0,5741.0,5893.0,5743.0,6197.0,6983.0,7006.0,7095.0,8042.0,7580.0,7659.0,7848.0
1718215,Kattaqo‘rg‘on tumani,Каттакурганский район,Kattakurgan district,Каттақўрғон тумани,5286.0,4804.0,5051.0,5599.0,5851.0,6144.0,6126.0,6175.0,6721.0,7182.0,7196.0,7711.0,7331.0,7642.0,7771.0
1718216,Qo‘shrabot tumani,Кошрабадский район,Koshrabad district,Қўшработ тумани,2875.0,2530.0,2738.0,3015.0,3255.0,3103.0,3299.0,3295.0,3667.0,3805.0,3835.0,4451.0,4112.0,4050.0,3635.0
1718218,Narpay tumani,Нарпайский район,Narpai district,Нарпай тумани,3928.0,3711.0,3785.0,4170.0,4583.0,4809.0,4623.0,4272.0,4582.0,4835.0,4861.0,5358.0,5503.0,5372.0,5568.0
1718224,Payariq tumani,Пайарыкский район,Payaryk district,Паяриқ тумани,5212.0,5427.0,5279.0,5539.0,6346.0,6307.0,6714.0,6724.0,7518.0,7402.0,7546.0,8229.0,8349.0,8332.0,7995.0
1718227,Pastdarg‘om tumani,Пастдаргомский район,Pastdargom district,Пастдарғом тумани,7199.0,7106.0,7286.0,7908.0,8091.0,8478.0,8002.0,8081.0,8827.0,8994.0,9038.0,9642.0,9674.0,10315.0,10379.0
1718230,Paxtachi tumani,Пахтачийский район,Pakhtachi district,Пахтачи тумани,2741.0,2700.0,2723.0,3121.0,3400.0,3345.0,3447.0,3428.0,3672.0,3603.0,3589.0,3927.0,3935.0,4010.0,3759.0
1718233,Samarqand tumani,Самаркандский район,Samarkand district,Самарқанд тумани,6851.0,6970.0,4945.0,5763.0,5881.0,5432.0,5462.0,5586.0,5979.0,6246.0,6572.0,6780.0,7081.0,6793.0,6666.0
1718235,Nurobod tumani,Нурабадский район,Nurabad district,Нуробод тумани,3297.0,3290.0,3260.0,3594.0,3822.0,3551.0,3642.0,3693.0,4084.0,3937.0,4162.0,4515.0,4134.0,4275.0,4230.0
1718236,Urgut tumani,Ургутский район,Urgut district,Ургут тумани,10903.0,10580.0,10834.0,11749.0,12982.0,13141.0,12851.0,13657.0,15385.0,15048.0,15523.0,16720.0,16936.0,17221.0,16402.0
1718238,Tayloq tumani,Тайлякский район,Tailak district,Тайлоқ тумани,3667.0,3556.0,3677.0,4136.0,4447.0,4658.0,4504.0,4505.0,5029.0,5396.0,5612.0,6312.0,5960.0,6273.0,6148.0
1722,Surxondaryo viloyati,Сурхандарьинская область,Surkhandarya region,Сурхондарё вилояти,51103.0,54114.0,52512.0,56539.0,60717.0,64424.0,62638.0,64908.0,68259.0,72680.0,74658.0,80975.0,81547.0,87695.0,84054.0
1722401,Termiz shahri,Город Термез,Termiz  city,Термиз шаҳри,2755.0,3054.0,2807.0,2871.0,3199.0,3345.0,3124.0,3015.0,3057.0,4041.0,5530.0,5472.0,5507.0,5459.0,5168.0
1722201,Oltinsoy tumani,Алтынсайский район,Altynsay district,Олтинсой тумани,2775.0,3599.0,3436.0,3677.0,3893.0,4411.0,4265.0,4343.0,4601.0,4878.0,5142.0,5520.0,5335.0,5904.0,5871.0
1722202,Angor tumani,Ангорский район,Angor district,Aнгор тумани,2462.0,2831.0,2546.0,2613.0,2825.0,2956.0,3102.0,3211.0,3365.0,3497.0,3515.0,3885.0,3974.0,4187.0,3903.0
1722203,Bandixon tumani,Бандихонский район,Bandykhan district,Бандихон тумани,0.0,0.0,0.0,0.0,0.0,0.0,0.0,0.0,0.0,0.0,2399.0,2354.0,2547.0,2756.0,2668.0
1722204,Boysun tumani,Байсунский район,Baysun district,Бойсун тумани,2420.0,2559.0,2622.0,2625.0,3018.0,3018.0,2843.0,3041.0,2980.0,3105.0,3025.0,3295.0,3330.0,3602.0,3512.0
1722207,Muzrabot tumani,Музрабадский район,Muzrabad district,Музработ тумани,2965.0,2867.0,3000.0,3063.0,3240.0,3487.0,3444.0,3545.0,3598.0,3764.0,3795.0,4075.0,4279.0,4430.0,4282.0
1722210,Denov tumani,Денауский район,Denau district,Денов тумани,8095.0,7458.0,8094.0,8664.0,9236.0,9654.0,9522.0,9857.0,10625.0,10839.0,11075.0,12401.0,12157.0,13269.0,12754.0
1722212,Jarqo‘rg‘on tumani,Джаркурганский район,Jarkurgan district,Жарқўрғон тумани,3819.0,4725.0,4306.0,4605.0,5042.0,5425.0,5332.0,5457.0,5959.0,6042.0,6357.0,6931.0,6971.0,7869.0,7079.0
1722214,Qumqo‘rg‘on tumani,Кумкурганский район,Kumkurgan district,Қумқўрғон тумани,3397.0,4440.0,4436.0,4756.0,5068.0,5573.0,5280.0,5671.0,6152.0,6867.0,6671.0,7153.0,7497.0,7860.0,7613.0
1722215,Qiziriq tumani,Кизирикский район,Kizirik district,Қизириқ тумани,3904.0,3682.0,3615.0,3873.0,4309.0,4545.0,4380.0,4631.0,4820.0,5055.0,3324.0,3618.0,3561.0,3780.0,3768.0
1722217,Sariosiyo tumani,Сариасийский  район,Sariosia district,Сариосиё тумани,5453.0,4482.0,4273.0,4868.0,5001.0,5200.0,4964.0,5036.0,5223.0,5682.0,5817.0,6195.0,6208.0,6767.0,6417.0
1722220,Termiz tumani,Термезский район,Termiz district,Термиз тумани,2210.0,2351.0,2245.0,2431.0,2495.0,2387.0,2556.0,2710.0,2795.0,2929.0,1930.0,2356.0,2446.0,2767.0,2766.0
1722221,Uzun tumani,Узунский район,Uzun district,Узун тумани,3483.0,3650.0,3578.0,4084.0,4386.0,4641.0,4386.0,4630.0,4689.0,4835.0,4790.0,5128.0,5262.0,5771.0,5657.0
1722223,Sherobod tumani,Шерабадский район,Sherabad district,Шеробод тумани,3165.0,3928.0,3644.0,3789.0,4048.0,4312.0,4265.0,4558.0,4732.0,5130.0,5136.0,5851.0,5690.0,6105.0,5615.0
1722226,Sho‘rchi tumani,Шурчинский район,Shurchi district,Шўрчи тумани,4200.0,4488.0,3910.0,4620.0,4957.0,5470.0,5175.0,5203.0,5663.0,6016.0,6152.0,6741.0,6783.0,7169.0,6981.0
1724,Sirdaryo viloyati,Сырдарьинская область,Syrdarya region,Сирдарё вилояти,16260.0,15559.0,15754.0,16701.0,17427.0,17862.0,17623.0,17627.0,18349.0,20744.0,21053.0,23244.0,23320.0,23229.0,22113.0
1724401,Guliston shahri,Город Гулистан,Gulistan city,Гулистон шаҳри,1549.0,1638.0,1677.0,1576.0,1693.0,1561.0,1714.0,1757.0,1722.0,2027.0,2182.0,2298.0,3080.0,3502.0,2911.0
1724410,Shirin shahri,Город Ширин,Shirin city,Ширин шаҳри,395.0,340.0,357.0,350.0,370.0,366.0,350.0,334.0,306.0,362.0,342.0,379.0,348.0,284.0,204.0
1724413,Yangiyer shahri,Город Янгиер,Yangier city,Янгийер шаҳри,729.0,713.0,786.0,861.0,902.0,936.0,917.0,875.0,927.0,973.0,1024.0,1199.0,1481.0,1199.0,1127.0
1724206,Oqoltin tumani,Акалтынский район,Akaltyn  district,Оқолтин тумани,1013.0,940.0,1002.0,1121.0,1137.0,1156.0,1137.0,1121.0,1132.0,1359.0,1271.0,1539.0,1482.0,1170.0,1228.0
1724212,Boyovut tumani,Баяутский район,Bayaut district,Боёвут тумани,2458.0,2312.0,2396.0,2615.0,2695.0,2765.0,2728.0,2767.0,2919.0,3226.0,3259.0,3559.0,3389.0,3633.0,3430.0
1724216,Sayxunobod tumani,Сайхунабадский район,Saykhunabad district,Сайхунобод тумани,1547.0,1381.0,1329.0,1511.0,1572.0,1702.0,1638.0,1645.0,1731.0,1903.0,1969.0,2090.0,2228.0,1959.0,1914.0
1724220,Guliston tumani,Гулистанский район,Gulistan district,Гулистон тумани,1497.0,1356.0,1424.0,1468.0,1493.0,1524.0,1526.0,1597.0,1581.0,1835.0,1890.0,2069.0,2054.0,1991.0,1929.0
1724226,Sardoba tumani,Сардобский район,Sardoba district,Сардоба тумани,1314.0,1236.0,1236.0,1324.0,1413.0,1550.0,1542.0,1434.0,1528.0,1717.0,1726.0,1858.0,1598.0,1636.0,1613.0
1724228,Mirzaobod tumani,Мирзаабадский район,Mirzaabad district,Мирзаобод тумани,1440.0,1486.0,1461.0,1613.0,1767.0,1744.0,1727.0,1732.0,1763.0,2099.0,2073.0,2240.0,2246.0,1890.0,2012.0
1724231,Sirdaryo tumani,Сырдарьинский район,Syrdarya district,Сирдарё тумани,2380.0,2330.0,2287.0,2383.0,2480.0,2566.0,2416.0,2462.0,2588.0,2924.0,2965.0,3378.0,3237.0,3284.0,3162.0
1724235,Xovos tumani,Хавасский район,Khovos district,Ховос тумани,1938.0,1827.0,1799.0,1879.0,1905.0,1992.0,1928.0,1903.0,2152.0,2319.0,2352.0,2635.0,2177.0,2681.0,2583.0
1727,Toshkent viloyati,Ташкентская область,Tashkent region,Тошкент вилояти,54830.0,53545.0,52875.0,55128.0,57848.0,58692.0,57190.0,54794.0,59300.0,64086.0,65954.0,72659.0,73556.0,73171.0,69576.0
1727401,Nurafshon shahri,Город Нурафшон,Nurafshan city,Нурафшон шаҳри,0.0,0.0,0.0,0.0,0.0,0.0,0.0,0.0,686.0,907.0,891.0,1039.0,1412.0,1839.0,1067.0
1727404,Olmaliq shahri,Город Алмалык,Almalyk city,Олмалиқ шаҳри,2456.0,2436.0,2627.0,2604.0,2665.0,2682.0,2557.0,2421.0,2485.0,2885.0,3008.0,3370.0,3910.0,3970.0,3176.0
1727407,Angren shahri,Город Ангрен,Angren city,Aнгрен шаҳри,3466.0,3630.0,3545.0,3707.0,3714.0,3840.0,3573.0,3468.0,3510.0,3633.0,3994.0,4257.0,5101.0,4769.0,3779.0
1727413,Bekobod shahri,Город Бекабад,Bekabad city,Бекобод шаҳри,1903.0,1664.0,1615.0,1717.0,1800.0,1684.0,1606.0,1637.0,1635.0,1955.0,1914.0,2123.0,2575.0,3024.0,2223.0
1727419,Chirchiq shahri,Город Чиpчик,Chirchik city,Чирчиқ шаҳри,2436.0,2296.0,2258.0,2381.0,2359.0,2324.0,2224.0,2159.0,2340.0,2504.0,2668.0,2750.0,3702.0,5302.0,2799.0
1727415,Ohangaron shahri,Город Ахангаран,Akhangaran city,Оҳангарон шаҳри,0.0,0.0,0.0,0.0,0.0,0.0,0.0,0.0,654.0,696.0,711.0,733.0,443.0,344.0,468.0
1727424,Yangiyo‘lshahri,Город Янгиюль,Yangiyul city,Янгийўлшаҳри,0.0,0.0,0.0,0.0,0.0,0.0,0.0,0.0,1030.0,1159.0,1243.0,1512.0,2355.0,3546.0,1727.0
1727206,Oqqo‘rg‘on tumani,Аккурганский район,Akkurgan district,Оққўрғон тумани,2011.0,2100.0,1990.0,2159.0,2334.0,2290.0,2165.0,2169.0,2386.0,2537.0,2615.0,2810.0,2751.0,2842.0,2590.0
1727212,Ohangaron tumani,Ахангаранский район,Akhangaran district,Оҳангарон тумани,2500.0,2443.0,2390.0,2480.0,2765.0,2780.0,2734.0,2559.0,2063.0,2198.0,2216.0,2513.0,2653.0,2708.0,2891.0
1727220,Bekobod tumani,Бекабадский район,Bekabad district,Бекобод тумани,3290.0,3158.0,2981.0,3183.0,3357.0,3469.0,3331.0,3300.0,3570.0,3758.0,3654.0,4048.0,3930.0,3696.0,4065.0
1727224,Bo‘stonliq tumani,Бостанлыкский район,Bostanlyk district,Бўстонлиқ тумани,3182.0,3011.0,2947.0,2993.0,3149.0,3224.0,3206.0,2816.0,3089.0,3268.0,3240.0,3445.0,3383.0,3191.0,3493.0
1727228,Bo‘ka tumani,Букинский район,Buka district,Бўка тумани,2516.0,2431.0,2369.0,2489.0,2635.0,2596.0,2711.0,2493.0,2928.0,2960.0,2982.0,3370.0,3361.0,3042.0,3239.0
1727233,Quyichirchiq tumani,Куйичирчикский район,Kuyichirchik district,Қуйичирчиқ тумани,2180.0,1983.0,2061.0,2163.0,2294.0,2393.0,2316.0,2140.0,2331.0,2385.0,2456.0,2811.0,2801.0,2682.0,2737.0
1727237,Zangiota tumani,Зангиатинский район,Zangiata district,Зангиота тумани,7100.0,6871.0,6631.0,6677.0,7271.0,7225.0,7143.0,6935.0,4141.0,4589.0,4608.0,4806.0,4641.0,4244.0,3971.0
1727239,Yuqorichirchiq tumani,Юкоричирчикский район,Yukorichirchik district,Юқоричирчиқ тумани,2540.0,2493.0,2508.0,2614.0,2756.0,2896.0,2798.0,2566.0,2875.0,3149.0,3048.0,3472.0,3300.0,3128.0,3090.0
1727248,Qibray tumani,Кибрайский район,Kibray district,Қибрай тумани,3730.0,3635.0,3606.0,3574.0,3720.0,3697.0,3743.0,3516.0,3790.0,4006.0,4271.0,4893.0,4357.0,3770.0,3975.0
1727249,Parkent tumani,Паркентский район,Parkent district,Паркент тумани,2881.0,2953.0,2961.0,3250.0,3349.0,3473.0,3332.0,3245.0,3577.0,3804.0,4068.0,4432.0,3807.0,3863.0,4719.0
1727250,Piskent tumani,Пскентский район,Piskent district,Пискент тумани,1707.0,1591.0,1560.0,1678.0,1791.0,1792.0,1783.0,1854.0,1975.0,2021.0,2135.0,2566.0,2431.0,2262.0,2464.0
1727253,O‘rtachirchiq tumani,Уртачирчикский район,Urtachirchik district,Ўртачирчиқ тумани,3372.0,3393.0,3348.0,3600.0,3871.0,3876.0,3845.0,3722.0,3363.0,3706.0,3908.0,4074.0,3352.0,2641.0,3622.0
1727256,Chinoz tumani,Чиназский район,Chinaz district,Чиноз тумани,2520.0,2532.0,2481.0,2707.0,2790.0,3029.0,2871.0,2792.0,2884.0,3209.0,3234.0,3614.0,3679.0,3425.0,3440.0
1727259,Yangiyo‘l tumani,Янгиюльский район,Yangiyul district,Янгийўл тумани,5040.0,4925.0,4997.0,5152.0,5228.0,5422.0,5252.0,5002.0,4383.0,4736.0,4921.0,5601.0,5058.0,3912.0,4909.0
1727265,Toshkent tumani,Ташкентский район,Tashkent district,Тошкент тумани,0.0,0.0,0.0,0.0,0.0,0.0,0.0,0.0,3605.0,4021.0,4169.0,4420.0,4554.0,4971.0,5132.0
1730,Farg‘ona  viloyati,Ферганская область,Fergana region,Фарғона вилояти,70622.0,67746.0,66989.0,73671.0,76697.0,79241.0,78587.0,75501.0,81414.0,87751.0,93037.0,99146.0,101308.0,106497.0,103062.0
1730401,Farg‘ona shahri,Город Фергана,Fergana city,Фарғона шаҳри,4477.0,4944.0,4500.0,4550.0,4798.0,4714.0,4846.0,4611.0,4753.0,5120.0,5688.0,6291.0,6893.0,7373.0,6871.0
1730405,Qo‘qon shahri,Город Коканд,Kokand city,Қўқон шаҳри,4824.0,4276.0,4441.0,4537.0,4883.0,4904.0,4853.0,4388.0,4914.0,5380.0,5848.0,5783.0,6561.0,7976.0,7654.0
1730408,Quvasoy shahri,Город Кувасай,Kuvasay city,Қувасой шаҳри,1626.0,1592.0,1630.0,1739.0,1707.0,1837.0,1785.0,1823.0,1869.0,1931.0,2101.0,2207.0,2327.0,2594.0,2339.0
1730412,Marg‘ilon shahri,Город Маpгилан,Margilan city,Марғилон шаҳри,4459.0,4267.0,4210.0,4564.0,4896.0,4864.0,4729.0,4545.0,4746.0,5374.0,5807.0,5917.0,6493.0,6570.0,6417.0
1730203,Oltiariq tumani,Алтыарыкский район,Altyaryk district,Олтиариқ тумани,3875.0,3741.0,3619.0,3917.0,4323.0,4172.0,3972.0,3951.0,4539.0,5049.0,5318.0,5998.0,5887.0,6041.0,5947.0
1730206,Qo‘shtepa tumani,Куштепинский район,Kushtepa district,Қўштепа тумани,3424.0,3435.0,3341.0,3883.0,3950.0,4056.0,4091.0,4115.0,4464.0,4728.0,5198.0,5795.0,5750.0,6230.0,5907.0
1730209,Bog‘dod tumani,Багдадский район,Baghdad district,Боғдод тумани,4310.0,3993.0,3948.0,4316.0,4595.0,4944.0,4711.0,4491.0,4861.0,5346.0,5709.0,5834.0,6027.0,6512.0,6407.0
1730212,Buvayda tumani,Бувайдинский район,Buvayda district,Бувайда тумани,4614.0,4266.0,4234.0,4781.0,4823.0,5126.0,5146.0,4662.0,5154.0,5663.0,6050.0,6280.0,6487.0,6904.0,6655.0
1730215,Beshariq tumani,Бешарыкский район,Besharik district,Бешариқ тумани,4483.0,4245.0,4376.0,4795.0,4741.0,5190.0,4967.0,4675.0,5009.0,5265.0,5425.0,5520.0,5578.0,5899.0,5922.0
1730218,Quva tumani,Кувинский район,Kuva district,Қува тумани,4666.0,4368.0,4386.0,4784.0,5100.0,5252.0,5352.0,5183.0,5447.0,6011.0,6060.0,6455.0,6290.0,6693.0,6430.0
1730221,Uchko‘prik tumani,Учкуприкский район,Uchkuprik district,Учкўприк тумани,4423.0,4319.0,4219.0,4589.0,4767.0,5171.0,5198.0,4830.0,5321.0,5651.0,5965.0,6939.0,6778.0,6879.0,7028.0
1730224,Rishton tumani,Риштанский район,Rishtan district,Риштон тумани,3900.0,3645.0,3509.0,3982.0,4183.0,4285.0,4124.0,4265.0,4527.0,4740.0,4666.0,5181.0,5066.0,5784.0,5481.0
1730226,So‘x tumani,Сохский район,Sokh district,Сўх тумани,1898.0,1916.0,1728.0,2033.0,1959.0,1807.0,1710.0,1675.0,1731.0,1830.0,1793.0,1764.0,1879.0,2109.0,2050.0
1730227,Toshloq tumani,Ташлакский район,Tashlak district,Тошлоқ тумани,3318.0,3434.0,3427.0,3799.0,4127.0,4281.0,4285.0,4395.0,4633.0,4971.0,5341.0,5675.0,5657.0,5791.0,5514.0
1730230,O‘zbekiston tumani,Узбекистанский район,Uzbekistan district,Ўзбекистон тумани,4568.0,4305.0,4442.0,4818.0,4934.0,5217.0,5196.0,4922.0,5426.0,5697.0,5973.0,6404.0,6063.0,5752.0,5703.0
1730233,Farg‘ona tumani,Ферганский район,Fergana district,Фарғона тумани,4051.0,3664.0,3715.0,4175.0,4391.0,4354.0,4470.0,4397.0,4866.0,5032.0,5362.0,5682.0,6053.0,5913.0,5653.0
1730236,Dang‘ara tumani,Дангаринский район,Dangara district,Данғара тумани,3296.0,3123.0,3108.0,3664.0,3676.0,3983.0,4146.0,3836.0,4144.0,4435.0,4816.0,5205.0,5289.0,5158.0,4961.0
1730238,Furqat tumani,Фуркатский район,Furkat district,Фурқат тумани,2211.0,2074.0,2082.0,2375.0,2452.0,2645.0,2615.0,2450.0,2580.0,2883.0,3119.0,3172.0,3197.0,3264.0,3231.0
1730242,Yozyovon tumani,Язъяванский район,Yazyavan district,Ёзёвон тумани,2199.0,2139.0,2074.0,2370.0,2392.0,2439.0,2391.0,2287.0,2430.0,2645.0,2798.0,3044.0,3033.0,3055.0,2892.0
1733,Xorazm viloyati,Хорезмская область,Khorezm region,Хоразм вилояти,35965.0,35116.0,34731.0,37858.0,40248.0,39543.0,39199.0,37619.0,40103.0,41092.0,41978.0,42653.0,44920.0,48301.0,47423.0
1733401,Urganch shahri,Город Ургенч,Urgench city,Урганч шаҳри,2836.0,2730.0,2547.0,2681.0,2922.0,2849.0,2800.0,2821.0,2831.0,3045.0,3109.0,3347.0,4465.0,4559.0,3825.0
1733406,Xiva shahri,Город Хива,Khiva city,Хива шаҳри,0.0,0.0,0.0,0.0,0.0,0.0,0.0,0.0,1971.0,1877.0,1888.0,2047.0,2295.0,2485.0,2173.0
1733204,Bog‘ot tumani,Багатский район,Bagat district,Боғот тумани,3017.0,3157.0,3131.0,3341.0,3489.0,3555.0,3482.0,3401.0,3592.0,3610.0,3900.0,3904.0,4088.0,4456.0,4431.0
1733208,Gurlan tumani,Гурленский район,Gurlan district,Гурлан тумани,2887.0,2634.0,2601.0,2898.0,2989.0,3207.0,3197.0,2795.0,3026.0,3168.0,3263.0,3360.0,3400.0,3656.0,3620.0
1733212,Qo‘shko‘pir tumani,Кошкупырский район,Kushkupyr district,Қўшкўпир тумани,3272.0,3272.0,3396.0,3585.0,3981.0,3774.0,3655.0,3556.0,3913.0,3994.0,3799.0,3641.0,4025.0,4410.0,4190.0
1733217,Urganch tumani,Ургенчский район,Urgench district,Урганч тумани,3780.0,3499.0,3403.0,3706.0,3882.0,3656.0,3685.0,3645.0,3915.0,4132.0,4213.0,4429.0,4208.0,4638.0,4624.0
1733220,Xazorasp tumani,Хазараспский район,Khazarasp district,Хазорасп тумани,5086.0,4831.0,4946.0,5100.0,5458.0,5390.0,5476.0,5180.0,5581.0,5918.0,4785.0,4606.0,5150.0,5358.0,5438.0
1733221,Tuproqqal’a tumani,Тупроккалинский район,Tuprakkala district,Тупроққалъа тумани,0.0,0.0,0.0,0.0,0.0,0.0,0.0,0.0,0.0,0.0,1263.0,1120.0,1308.0,1392.0,1419.0
1733223,Xonqa tumani,Ханкинский район,Khanka district,Хонқа тумани,3553.0,3610.0,3410.0,3839.0,4020.0,3935.0,3975.0,3808.0,4126.0,4002.0,4224.0,4502.0,4381.0,4565.0,4817.0
1733226,Xiva tumani,Хивинский район,Khiva district,Хива тумани,4697.0,4516.0,4580.0,5119.0,5363.0,5252.0,5098.0,4844.0,3180.0,3168.0,3370.0,3406.0,3222.0,3517.0,3866.0
1733230,Shovot tumani,Шаватский район,Shavat district,Шовот тумани,3101.0,3280.0,3250.0,3670.0,4027.0,3821.0,3671.0,3618.0,3841.0,3845.0,3822.0,3883.0,3907.0,4340.0,4303.0
1733233,Yangiariq tumani,Янгиарыкский район,Yangiaryk district,Янгиариқ тумани,2061.0,1973.0,1979.0,2207.0,2375.0,2291.0,2296.0,2144.0,2286.0,2349.0,2456.0,2370.0,2555.0,2810.0,2677.0
1733236,Yangibozor tumani,Янгибазарский район,Yangibazar district,Янгибозор тумани,1675.0,1614.0,1488.0,1712.0,1742.0,1813.0,1864.0,1807.0,1841.0,1984.0,1886.0,2038.0,1916.0,2115.0,2040.0
1726,Toshkent shahri,город Ташкент,Tashkent city,Тошкент шаҳри,39314.0,37889.0,38072.0,41647.0,42225.0,42802.0,43879.0,43150.0,45548.0,50285.0,54401.0,63034.0,74036.0,75017.0,68153.0
1726262,Uchtepa tumani,Учтепинский район,Uchtepa district,Учтепа тумани,4592.0,4390.0,4631.0,5120.0,5317.0,5226.0,5281.0,5288.0,5652.0,6532.0,7025.0,8272.0,8693.0,7744.0,4975.0
1726264,Bektemir tumani,Бектемирский район,Bektemir district,Бектемир тумани,669.0,668.0,752.0,817.0,824.0,818.0,884.0,784.0,884.0,1011.0,958.0,1112.0,1647.0,3102.0,3029.0
1726266,Yunusobod tumani,Юнусабадский район,Yunusabad district,Юнусобод тумани,5058.0,4990.0,5051.0,5655.0,5825.0,5645.0,5876.0,5711.0,6018.0,6568.0,7185.0,7655.0,9120.0,9818.0,8451.0
1726269,Mirzo Ulug‘bek tumani,Мирзо Улугбекский район,Mirzo Ulugbek district,Мирзо Улуғбек тумани,3735.0,3507.0,3395.0,3857.0,3492.0,3798.0,3958.0,3745.0,3855.0,4172.0,4412.0,4913.0,6526.0,6745.0,5849.0
1726273,Mirobod tumani,Мирабадский район,Mirabad district,Миробод тумани,1776.0,1780.0,1852.0,2043.0,1994.0,1899.0,2084.0,1985.0,2138.0,2240.0,2302.0,2715.0,3321.0,2954.0,2430.0
1726277,Shayxontoxur tumani,Шайхантахурский район,Shaykhantakhur district,Шайхонтохур тумани,6071.0,5893.0,5456.0,5571.0,5782.0,6128.0,6242.0,6227.0,6573.0,6609.0,7205.0,8288.0,8437.0,7459.0,6863.0
1726280,Olmazor tumani,Алмазарский район,Almazar district,Олмазор тумани,6131.0,5667.0,5946.0,6189.0,6672.0,6594.0,6762.0,6678.0,6954.0,7902.0,8227.0,9558.0,10623.0,10490.0,10508.0
1726283,Sirg‘ali tumani,Сергелийский район,Sergeli district,Сирғали тумани,3346.0,3154.0,3174.0,3458.0,3227.0,3603.0,3730.0,3681.0,3960.0,4519.0,5342.0,3270.0,5399.0,2307.0,2445.0
1726287,Yakkasaroy tumani,Яккасарайский район,Yakkasaray district,Яккасарой тумани,1229.0,1248.0,1233.0,1491.0,1469.0,1529.0,1447.0,1475.0,1554.0,1634.0,1716.0,1959.0,3018.0,6862.0,6407.0
1726290,Yashnobod tumani,Яшнободский район,Yashnabad district,Яшнобод тумани,3385.0,3318.0,3263.0,3499.0,3717.0,3786.0,3775.0,3772.0,3933.0,4458.0,5032.0,5609.0,6576.0,5416.0,5531.0
1726292,Yangihayot tumani,Янгихаётский район,Yangikhayot district,Янгиҳаёт тумани,0.0,0.0,0.0,0.0,0.0,0.0,0.0,0.0,0.0,0.0,0.0,3744.0,3747.0,5744.0,5499.0
1726294,Chilonzor tumani,Чиланзарский район,Chilanzar district,Чилонзор тумани,3322.0,3274.0,3319.0,3947.0,3906.0,3776.0,3840.0,3804.0,4027.0,4640.0,4997.0,5939.0,6929.0,6376.0,6166.0
